{
    "rakin": {
        "record_id": 1,
        "name": "rakin",
        "location": "Kansas City",
        "year": 2019
    },
    "xu": {
        "record_id": 2,
        "name": "xu",
        "location": "Miami",
        "year": 2012
    },
    "zen": {
        "record_id": 3,
        "name": "zen",
        "location": "Kansas City",
        "year": 2018
    },
    "symon": {
        "record_id": 4,
        "name": "symon",
        "location": "Kansas City",
        "year": 2015
    },
    "tammy": {
        "record_id": 5,
        "name": "tammy",
        "location": "Newport Beach",
        "year": 2001
    },
    "ronin": {
        "record_id": 6,
        "name": "ronin",
        "location": "Saint Louis",
        "year": 2022
    },
    "rebeca": {
        "record_id": 7,
        "name": "rebeca",
        "location": "Miami",
        "year": 2002
    },
    "roma": {
        "record_id": 8,
        "name": "roma",
        "location": "Saint Louis",
        "year": 2012
    },
    "xander": {
        "record_id": 9,
        "name": "xander",
        "location": "Los Angeles",
        "year": 2005
    },
    "tahid": {
        "record_id": 10,
        "name": "tahid",
        "location": "Chicago",
        "year": 2019
    },
    "yachin": {
        "record_id": 11,
        "name": "yachin",
        "location": "Chicago",
        "year": 2012
    },
    "terrace": {
        "record_id": 12,
        "name": "terrace",
        "location": "Miami",
        "year": 2019
    },
    "nailah": {
        "record_id": 13,
        "name": "nailah",
        "location": "New York City",
        "year": 2015
    },
    "niko": {
        "record_id": 14,
        "name": "niko",
        "location": "Kansas City",
        "year": 2001
    }
}